quarter,value
1955 Q1,4645
1955 Q2,4666
1955 Q3,4840
1955 Q4,4932
1956 Q1,5063
1956 Q2,5132
1956 Q3,5212
1956 Q4,5347
1957 Q1,5356
1957 Q2,5437
1957 Q3,5553
1957 Q4,5663
1958 Q1,5775
1958 Q2,5699
1958 Q3,5798
1958 Q4,5847
1959 Q1,5859
1959 Q2,6053
1959 Q3,6077
1959 Q4,6294
1960 Q1,6399
1960 Q2,6457
1960 Q3,6551
1960 Q4,6684
1961 Q1,6853
1961 Q2,6853
1961 Q3,7091
1961 Q4,7006
1962 Q1,7103
1962 Q2,7277
1962 Q3,7351
1962 Q4,7383
1963 Q1,7334
1963 Q2,7718
1963 Q3,7837
1963 Q4,8082
1964 Q1,8108
1964 Q2,8399
1964 Q3,8583
1964 Q4,8819
1965 Q1,8983
1965 Q2,9027
1965 Q3,9247
1965 Q4,9427
1966 Q1,9568
1966 Q2,9734
1966 Q3,9918
1966 Q4,10022
1967 Q1,10119
1967 Q2,10374
1967 Q3,10443
1967 Q4,10577
1968 Q1,11055
1968 Q2,11189
1968 Q3,11543
1968 Q4,11834
1969 Q1,12041
1969 Q2,12221
1969 Q3,12494
1969 Q4,12817
1970 Q1,13170
1970 Q2,13751
1970 Q3,14200
1970 Q4,14713
1971 Q1,14931
1971 Q2,15439
1971 Q3,15933
1971 Q4,16333
1972 Q1,16535
1972 Q2,17322
1972 Q3,17691
1972 Q4,18761
1973 Q1,19970
1973 Q2,19799
1973 Q3,20480
1973 Q4,21231
1974 Q1,21047
1974 Q2,22561
1974 Q3,23801
1974 Q4,24893
1975 Q1,26704
1975 Q2,28013
1975 Q3,29140
1975 Q4,30764
1976 Q1,32317
1976 Q2,33185
1976 Q3,34408
1976 Q4,36531
1977 Q1,37884
1977 Q2,39084
1977 Q3,40174
1977 Q4,41996
1978 Q1,43959
1978 Q2,45721
1978 Q3,47014
1978 Q4,48709
1979 Q1,50253
1979 Q2,53744
1979 Q3,56540
1979 Q4,59549
1980 Q1,61834
1980 Q2,63439
1980 Q3,65752
1980 Q4,67902
1981 Q1,69678
1981 Q2,71122
1981 Q3,73149
1981 Q4,75441
1982 Q1,77283
1982 Q2,78791
1982 Q3,80212
1982 Q4,82444
1983 Q1,85514
1983 Q2,86071
1983 Q3,88418
1983 Q4,90480
1984 Q1,91451
1984 Q2,93223
1984 Q3,94655
1984 Q4,97752
1985 Q1,99219
1985 Q2,102996
1985 Q3,104950
1985 Q4,106618
1986 Q1,108527
1986 Q2,109861
1986 Q3,111781
1986 Q4,115581
1987 Q1,117938
1987 Q2,121534
1987 Q3,126947
1987 Q4,129656
1988 Q1,133132
1988 Q2,136489
1988 Q3,140665
1988 Q4,144838
1989 Q1,148529
1989 Q2,151162
1989 Q3,155281
1989 Q4,159273
1990 Q1,162959
1990 Q2,166610
1990 Q3,169948
1990 Q4,170814
1991 Q1,173032
1991 Q2,175639
1991 Q3,177091
1991 Q4,179403
1992 Q1,181269
1992 Q2,181706
1992 Q3,182375
1992 Q4,184806
1993 Q1,189444
1993 Q2,189626
1993 Q3,193375
1993 Q4,196724
1994 Q1,199647
1994 Q2,200532
1994 Q3,203139
1994 Q4,206847
1995 Q1,208525
1995 Q2,210626
1995 Q3,214507
1995 Q4,217732
1996 Q1,221395
1996 Q2,226173
1996 Q3,229903
1996 Q4,232423
1997 Q1,232328
1997 Q2,236493
1997 Q3,244043
1997 Q4,241411
1998 Q1,245537
1998 Q2,248348
1998 Q3,250373
1998 Q4,254418
1999 Q1,256006
1999 Q2,257702
1999 Q3,261325
1999 Q4,267186
2000 Q1,272557
2000 Q2,274139
2000 Q3,275915
2000 Q4,277756
2001 Q1,282092
2001 Q2,286665
2001 Q3,288423
2001 Q4,288691
2002 Q1,292647
2002 Q2,295653
2002 Q3,298696
2002 Q4,302671
2003 Q1,306556
2003 Q2,312351
2003 Q3,317452
2003 Q4,321038
2004 Q1,322796
2004 Q2,330169
2004 Q3,331188
2004 Q4,337736
2005 Q1,340225
2005 Q2,348109
2005 Q3,352249
2005 Q4,357049
2006 Q1,360837
2006 Q2,367127
2006 Q3,371345
2006 Q4,372955
2007 Q1,376929
2007 Q2,386690
2007 Q3,389603
2007 Q4,393171
2008 Q1,397836
2008 Q2,401238
2008 Q3,401319
2008 Q4,397393
2009 Q1,389170
2009 Q2,388139
2009 Q3,390765
2009 Q4,388727
2010 Q1,397429
2010 Q2,403132
2010 Q3,406263
2010 Q4,408480
2011 Q1,415966
2011 Q2,414477
2011 Q3,418560
2011 Q4,421573
2012 Q1,426945
2012 Q2,426877
2012 Q3,433860
2012 Q4,435520
2013 Q1,440544
2013 Q2,444962
2013 Q3,451756
2013 Q4,455322
2014 Q1,461308
2014 Q2,465200
2014 Q3,474604
2014 Q4,475906
2015 Q1,478386
2015 Q2,479410
2015 Q3,483003
2015 Q4,488121
2016 Q1,492722
2016 Q2,497385
2016 Q3,504611
2016 Q4,510815
2017 Q1,517420
2017 Q2,522748
2017 Q3,526948
2017 Q4,535294
2018 Q1,536542
2018 Q2,541534
2018 Q3,546893
2018 Q4,553136
2019 Q1,555713
2019 Q2,563470
2019 Q3,570136
2019 Q4,574114
2020 Q1,561460
2020 Q2,483680
2020 Q3,541873
2020 Q4,544716
2021 Q1,546752
2021 Q2,579231
2021 Q3,595032
2021 Q4,611832
2022 Q1,625880
2022 Q2,641246
2022 Q3,652207
2022 Q4,671424
2023 Q1,682633
2023 Q2,691580
2023 Q3,696524
2023 Q4,695709
2024 Q1,709865
2024 Q2,722294
2024 Q3,732809
2024 Q4,739982
2025 Q1,750893
2025 Q2,758572
2025 Q3,765378
2025 Q4,769751
2026 Q1,780925
2026 Q2,787197